global_planner,trials,plan_success_rate,success_rate,collision_rate,avg_steps,avg_path_length,avg_traj_length,avg_final_distance,avg_elapsed_ms
astar,50,1.0,0.8,0.0,79.75,6.05,5.333125,0.8272623367709786,241.36104161734693
dijkstra,50,1.0,0.82,0.0,79.5609756097561,6.073170731707317,5.3219512195121945,0.7975756020361084,230.75341500341892
theta,50,1.0,0.84,0.0,86.9047619047619,5.083652199753671,5.514880952380952,0.5807374492985006,229.43640013923869
