global_planner,trials,plan_success_rate,success_rate,collision_rate,avg_steps,avg_path_length,avg_traj_length,avg_final_distance,avg_elapsed_ms
astar,200,1.0,0.775,0.0,88.38064516129032,6.896774193548387,5.9837096774193546,0.958114998784595,272.1774147686665
dijkstra,200,1.0,0.78,0.0,88.3076923076923,6.897435897435898,5.97900641025641,0.9506328996753948,266.94952628284227
theta,200,1.0,0.81,0.0,91.6604938271605,5.755894355844474,6.1339506172839515,0.7928372106558079,256.1127612227574
